<?xml version="1.0" encoding="UTF-8"?>
<metadata xml:lang="es"><Esri><CreaDate>20220911</CreaDate><CreaTime>20020900</CreaTime><ArcGISFormat>1.0</ArcGISFormat><SyncOnce>FALSE</SyncOnce><DataProperties><lineage><Process ToolSource="c:\program files (x86)\arcgis\desktop10.8\ArcToolbox\Toolboxes\Data Management Tools.tbx\CalculateField" Date="20220826" Time="111302">CalculateField PosicionesAeronaves globalid ID() PYTHON_9.3 "def ID():
  import uuid
  return '{' + str(uuid.uuid4()) + '}'"</Process><Process ToolSource="c:\program files (x86)\arcgis\desktop10.8\ArcToolbox\Toolboxes\Data Management Tools.tbx\CalculateField" Date="20220826" Time="111624">CalculateField PosicionesAeronaves repeID isDuplicate( !id! ) PYTHON_9.3 "uniqueList = []  
def isDuplicate(inValue):  
    if inValue in uniqueList:  
        return 1  
    else:  
        uniqueList.append(inValue)  
        return 0"</Process><Process ToolSource="c:\program files (x86)\arcgis\desktop10.8\ArcToolbox\Toolboxes\Data Management Tools.tbx\CalculateField" Date="20220826" Time="111640">CalculateField PosicionesAeronaves repeID isDuplicate( !id! ) PYTHON_9.3 "uniqueList = []  
def isDuplicate(inValue):  
    if inValue in uniqueList:  
        return 1  
    else:  
        uniqueList.append(inValue)  
        return None"</Process><Process ToolSource="c:\program files (x86)\arcgis\desktop10.8\ArcToolbox\Toolboxes\Data Management Tools.tbx\CalculateField" Date="20220826" Time="111821">CalculateField PosicionesAeronaves RepeNIVEL isDuplicate( !nivel! ) PYTHON_9.3 "uniqueList = []  
def isDuplicate(inValue):  
    if inValue in uniqueList:  
        return 1  
    else:  
        uniqueList.append(inValue)  
        return None"</Process><Process ToolSource="c:\program files (x86)\arcgis\desktop10.8\ArcToolbox\Toolboxes\Data Management Tools.tbx\CalculateField" Date="20220826" Time="111958">CalculateField PosicionesAeronaves RepeTimestr isDuplicate( !timestampStr! ) PYTHON_9.3 "uniqueList = []  
def isDuplicate(inValue):  
    if inValue in uniqueList:  
        return 1  
    else:  
        uniqueList.append(inValue)  
        return None"</Process><Process ToolSource="c:\program files (x86)\arcgis\desktop10.8\ArcToolbox\Toolboxes\Data Management Tools.tbx\CalculateField" Date="20220826" Time="112234">CalculateField PosicionesAeronaves RepeLong isDuplicate( !Long_! ) PYTHON_9.3 "uniqueList = []  
def isDuplicate(inValue):  
    if inValue in uniqueList:  
        return 1  
    else:  
        uniqueList.append(inValue)  
        return None"</Process><Process ToolSource="c:\program files (x86)\arcgis\desktop10.8\ArcToolbox\Toolboxes\Data Management Tools.tbx\CalculateField" Date="20220826" Time="113826">CalculateField PosicionesAeronaves Long_ !longitud! PYTHON_9.3 #</Process><Process ToolSource="c:\program files (x86)\arcgis\desktop10.8\ArcToolbox\Toolboxes\Data Management Tools.tbx\CalculateField" Date="20220826" Time="113842">CalculateField PosicionesAeronaves Lat !latitud! PYTHON_9.3 #</Process><Process ToolSource="c:\program files (x86)\arcgis\desktop10.8\ArcToolbox\Toolboxes\Analysis Tools.tbx\Intersect" Date="20220826" Time="134954">Intersect "PosicionesAeronaves #;MuniNorte #" "D:\Onedrive\OneDrive - ESRI ESPAÑA Soluciones Geoespaciales S.L\Escritorio\imf_LMC\Contenido Master\C Master\TFM\03_Trabajo\Proyecto\carto\MuniNorte.gdb\Intersec" ALL # INPUT</Process></lineage><itemProps><itemName Sync="TRUE">Intersec</itemName><imsContentType Sync="TRUE">002</imsContentType><itemLocation><linkage Sync="TRUE">file://\\ESRI-7VF41G2\D$\Onedrive\OneDrive - ESRI ESPAÑA Soluciones Geoespaciales S.L\Escritorio\imf_LMC\Contenido Master\C Master\TFM\03_Trabajo\Proyecto\carto\MuniNorte.gdb</linkage><protocol Sync="TRUE">Local Area Network</protocol></itemLocation></itemProps><coordRef><type Sync="TRUE">Geographic</type><geogcsn Sync="TRUE">GCS_WGS_1984</geogcsn><csUnits Sync="TRUE">Angular Unit: Degree (0.017453)</csUnits><peXml Sync="TRUE">&lt;GeographicCoordinateSystem xsi:type='typens:GeographicCoordinateSystem' xmlns:xsi='http://www.w3.org/2001/XMLSchema-instance' xmlns:xs='http://www.w3.org/2001/XMLSchema' xmlns:typens='http://www.esri.com/schemas/ArcGIS/10.8'&gt;&lt;WKT&gt;GEOGCS[&amp;quot;GCS_WGS_1984&amp;quot;,DATUM[&amp;quot;D_WGS_1984&amp;quot;,SPHEROID[&amp;quot;WGS_1984&amp;quot;,6378137.0,298.257223563]],PRIMEM[&amp;quot;Greenwich&amp;quot;,0.0],UNIT[&amp;quot;Degree&amp;quot;,0.0174532925199433],AUTHORITY[&amp;quot;EPSG&amp;quot;,4326]]&lt;/WKT&gt;&lt;XOrigin&gt;-400&lt;/XOrigin&gt;&lt;YOrigin&gt;-400&lt;/YOrigin&gt;&lt;XYScale&gt;999999999.99999988&lt;/XYScale&gt;&lt;ZOrigin&gt;-100000&lt;/ZOrigin&gt;&lt;ZScale&gt;10000&lt;/ZScale&gt;&lt;MOrigin&gt;-100000&lt;/MOrigin&gt;&lt;MScale&gt;10000&lt;/MScale&gt;&lt;XYTolerance&gt;8.983152841195215e-09&lt;/XYTolerance&gt;&lt;ZTolerance&gt;0.001&lt;/ZTolerance&gt;&lt;MTolerance&gt;0.001&lt;/MTolerance&gt;&lt;HighPrecision&gt;true&lt;/HighPrecision&gt;&lt;LeftLongitude&gt;-180&lt;/LeftLongitude&gt;&lt;WKID&gt;4326&lt;/WKID&gt;&lt;LatestWKID&gt;4326&lt;/LatestWKID&gt;&lt;/GeographicCoordinateSystem&gt;</peXml></coordRef></DataProperties><SyncDate>20220826</SyncDate><SyncTime>13495000</SyncTime><ModDate>20220826</ModDate><ModTime>13495000</ModTime></Esri><dataIdInfo><envirDesc Sync="TRUE"> Version 6.2 (Build 9200) ; Esri ArcGIS 10.8.1.14362</envirDesc><dataLang><languageCode value="spa" Sync="TRUE"></languageCode><countryCode value="ESP" Sync="TRUE"></countryCode></dataLang><idCitation><resTitle Sync="TRUE">Intersec</resTitle><presForm><PresFormCd value="005" Sync="TRUE"></PresFormCd></presForm></idCitation><spatRpType><SpatRepTypCd value="001" Sync="TRUE"></SpatRepTypCd></spatRpType></dataIdInfo><mdLang><languageCode value="spa" Sync="TRUE"></languageCode><countryCode value="ESP" Sync="TRUE"></countryCode></mdLang><distInfo><distFormat><formatName Sync="TRUE">File Geodatabase Feature Class</formatName></distFormat></distInfo><mdHrLv><ScopeCd value="005" Sync="TRUE"></ScopeCd></mdHrLv><mdHrLvName Sync="TRUE">dataset</mdHrLvName><refSysInfo><RefSystem><refSysID><identCode code="4326" Sync="TRUE"></identCode><idCodeSpace Sync="TRUE">EPSG</idCodeSpace><idVersion Sync="TRUE">6.14(3.0.1)</idVersion></refSysID></RefSystem></refSysInfo><spatRepInfo><VectSpatRep><geometObjs Name="Intersec"><geoObjTyp><GeoObjTypCd value="004" Sync="TRUE"></GeoObjTypCd></geoObjTyp><geoObjCnt Sync="TRUE">0</geoObjCnt></geometObjs><topLvl><TopoLevCd value="001" Sync="TRUE"></TopoLevCd></topLvl></VectSpatRep></spatRepInfo><spdoinfo><ptvctinf><esriterm Name="Intersec"><efeatyp Sync="TRUE">Simple</efeatyp><efeageom code="1" Sync="TRUE"></efeageom><esritopo Sync="TRUE">FALSE</esritopo><efeacnt Sync="TRUE">0</efeacnt><spindex Sync="TRUE">TRUE</spindex><linrefer Sync="TRUE">FALSE</linrefer></esriterm></ptvctinf></spdoinfo><eainfo><detailed Name="Intersec"><enttyp><enttypl Sync="TRUE">Intersec</enttypl><enttypt Sync="TRUE">Feature Class</enttypt><enttypc Sync="TRUE">0</enttypc></enttyp><attr><attrlabl Sync="TRUE">OBJECTID</attrlabl><attalias Sync="TRUE">OBJECTID</attalias><attrtype Sync="TRUE">OID</attrtype><attwidth Sync="TRUE">4</attwidth><atprecis Sync="TRUE">0</atprecis><attscale Sync="TRUE">0</attscale><attrdef Sync="TRUE">Internal feature number.</attrdef><attrdefs Sync="TRUE">Esri</attrdefs><attrdomv><udom Sync="TRUE">Sequential unique whole numbers that are automatically generated.</udom></attrdomv></attr><attr><attrlabl Sync="TRUE">Shape</attrlabl><attalias Sync="TRUE">Shape</attalias><attrtype Sync="TRUE">Geometry</attrtype><attwidth Sync="TRUE">0</attwidth><atprecis Sync="TRUE">0</atprecis><attscale Sync="TRUE">0</attscale><attrdef Sync="TRUE">Feature geometry.</attrdef><attrdefs Sync="TRUE">Esri</attrdefs><attrdomv><udom Sync="TRUE">Coordinates defining the features.</udom></attrdomv></attr><attr><attrlabl Sync="TRUE">FID_PosicionesAeronaves</attrlabl><attalias Sync="TRUE">FID_PosicionesAeronaves</attalias><attrtype Sync="TRUE">Integer</attrtype><attwidth Sync="TRUE">4</attwidth><atprecis Sync="TRUE">0</atprecis><attscale Sync="TRUE">0</attscale></attr><attr><attrlabl Sync="TRUE">Long_</attrlabl><attalias Sync="TRUE">Long</attalias><attrtype Sync="TRUE">Double</attrtype><attwidth Sync="TRUE">8</attwidth><atprecis Sync="TRUE">0</atprecis><attscale Sync="TRUE">0</attscale></attr><attr><attrlabl Sync="TRUE">Lat</attrlabl><attalias Sync="TRUE">Lat</attalias><attrtype Sync="TRUE">Double</attrtype><attwidth Sync="TRUE">8</attwidth><atprecis Sync="TRUE">0</atprecis><attscale Sync="TRUE">0</attscale></attr><attr><attrlabl Sync="TRUE">id</attrlabl><attalias Sync="TRUE">id</attalias><attrtype Sync="TRUE">String</attrtype><attwidth Sync="TRUE">8000</attwidth><atprecis Sync="TRUE">0</atprecis><attscale Sync="TRUE">0</attscale></attr><attr><attrlabl Sync="TRUE">source</attrlabl><attalias Sync="TRUE">source</attalias><attrtype Sync="TRUE">String</attrtype><attwidth Sync="TRUE">8000</attwidth><atprecis Sync="TRUE">0</atprecis><attscale Sync="TRUE">0</attscale></attr><attr><attrlabl Sync="TRUE">timestamp_</attrlabl><attalias Sync="TRUE">timestamp</attalias><attrtype Sync="TRUE">String</attrtype><attwidth Sync="TRUE">8000</attwidth><atprecis Sync="TRUE">0</atprecis><attscale Sync="TRUE">0</attscale></attr><attr><attrlabl Sync="TRUE">timestampStr</attrlabl><attalias Sync="TRUE">timestampStr</attalias><attrtype Sync="TRUE">Date</attrtype><attwidth Sync="TRUE">8</attwidth><atprecis Sync="TRUE">0</atprecis><attscale Sync="TRUE">0</attscale></attr><attr><attrlabl Sync="TRUE">postimestamp</attrlabl><attalias Sync="TRUE">postimestamp</attalias><attrtype Sync="TRUE">Date</attrtype><attwidth Sync="TRUE">8</attwidth><atprecis Sync="TRUE">0</atprecis><attscale Sync="TRUE">0</attscale></attr><attr><attrlabl Sync="TRUE">callsign</attrlabl><attalias Sync="TRUE">callsign</attalias><attrtype Sync="TRUE">String</attrtype><attwidth Sync="TRUE">8000</attwidth><atprecis Sync="TRUE">0</atprecis><attscale Sync="TRUE">0</attscale></attr><attr><attrlabl Sync="TRUE">origen</attrlabl><attalias Sync="TRUE">origen</attalias><attrtype Sync="TRUE">String</attrtype><attwidth Sync="TRUE">8000</attwidth><atprecis Sync="TRUE">0</atprecis><attscale Sync="TRUE">0</attscale></attr><attr><attrlabl Sync="TRUE">destino</attrlabl><attalias Sync="TRUE">destino</attalias><attrtype Sync="TRUE">String</attrtype><attwidth Sync="TRUE">8000</attwidth><atprecis Sync="TRUE">0</atprecis><attscale Sync="TRUE">0</attscale></attr><attr><attrlabl Sync="TRUE">latitud</attrlabl><attalias Sync="TRUE">latitud</attalias><attrtype Sync="TRUE">Double</attrtype><attwidth Sync="TRUE">8</attwidth><atprecis Sync="TRUE">0</atprecis><attscale Sync="TRUE">0</attscale></attr><attr><attrlabl Sync="TRUE">longitud</attrlabl><attalias Sync="TRUE">longitud</attalias><attrtype Sync="TRUE">Double</attrtype><attwidth Sync="TRUE">8</attwidth><atprecis Sync="TRUE">0</atprecis><attscale Sync="TRUE">0</attscale></attr><attr><attrlabl Sync="TRUE">rumbo</attrlabl><attalias Sync="TRUE">rumbo</attalias><attrtype Sync="TRUE">String</attrtype><attwidth Sync="TRUE">8000</attwidth><atprecis Sync="TRUE">0</atprecis><attscale Sync="TRUE">0</attscale></attr><attr><attrlabl Sync="TRUE">nivelisqnh</attrlabl><attalias Sync="TRUE">nivelisqnh</attalias><attrtype Sync="TRUE">String</attrtype><attwidth Sync="TRUE">8000</attwidth><atprecis Sync="TRUE">0</atprecis><attscale Sync="TRUE">0</attscale></attr><attr><attrlabl Sync="TRUE">nivel</attrlabl><attalias Sync="TRUE">nivel</attalias><attrtype Sync="TRUE">Double</attrtype><attwidth Sync="TRUE">8</attwidth><atprecis Sync="TRUE">0</atprecis><attscale Sync="TRUE">0</attscale></attr><attr><attrlabl Sync="TRUE">velverticaltipo</attrlabl><attalias Sync="TRUE">velverticaltipo</attalias><attrtype Sync="TRUE">String</attrtype><attwidth Sync="TRUE">8000</attwidth><atprecis Sync="TRUE">0</atprecis><attscale Sync="TRUE">0</attscale></attr><attr><attrlabl Sync="TRUE">velvertical</attrlabl><attalias Sync="TRUE">velvertical</attalias><attrtype Sync="TRUE">String</attrtype><attwidth Sync="TRUE">8000</attwidth><atprecis Sync="TRUE">0</atprecis><attscale Sync="TRUE">0</attscale></attr><attr><attrlabl Sync="TRUE">turnstatus</attrlabl><attalias Sync="TRUE">turnstatus</attalias><attrtype Sync="TRUE">String</attrtype><attwidth Sync="TRUE">8000</attwidth><atprecis Sync="TRUE">0</atprecis><attscale Sync="TRUE">0</attscale></attr><attr><attrlabl Sync="TRUE">velocidad</attrlabl><attalias Sync="TRUE">velocidad</attalias><attrtype Sync="TRUE">String</attrtype><attwidth Sync="TRUE">8000</attwidth><atprecis Sync="TRUE">0</atprecis><attscale Sync="TRUE">0</attscale></attr><attr><attrlabl Sync="TRUE">waketurbcat</attrlabl><attalias Sync="TRUE">waketurbcat</attalias><attrtype Sync="TRUE">String</attrtype><attwidth Sync="TRUE">8000</attwidth><atprecis Sync="TRUE">0</atprecis><attscale Sync="TRUE">0</attscale></attr><attr><attrlabl Sync="TRUE">timesal</attrlabl><attalias Sync="TRUE">timesal</attalias><attrtype Sync="TRUE">String</attrtype><attwidth Sync="TRUE">8000</attwidth><atprecis Sync="TRUE">0</atprecis><attscale Sync="TRUE">0</attscale></attr><attr><attrlabl Sync="TRUE">timearr</attrlabl><attalias Sync="TRUE">timearr</attalias><attrtype Sync="TRUE">String</attrtype><attwidth Sync="TRUE">8000</attwidth><atprecis Sync="TRUE">0</atprecis><attscale Sync="TRUE">0</attscale></attr><attr><attrlabl Sync="TRUE">serviceid</attrlabl><attalias Sync="TRUE">serviceid</attalias><attrtype Sync="TRUE">String</attrtype><attwidth Sync="TRUE">8000</attwidth><atprecis Sync="TRUE">0</atprecis><attscale Sync="TRUE">0</attscale></attr><attr><attrlabl Sync="TRUE">tracknumber</attrlabl><attalias Sync="TRUE">tracknumber</attalias><attrtype Sync="TRUE">String</attrtype><attwidth Sync="TRUE">8000</attwidth><atprecis Sync="TRUE">0</atprecis><attscale Sync="TRUE">0</attscale></attr><attr><attrlabl Sync="TRUE">trackstatus</attrlabl><attalias Sync="TRUE">trackstatus</attalias><attrtype Sync="TRUE">String</attrtype><attwidth Sync="TRUE">8000</attwidth><atprecis Sync="TRUE">0</atprecis><attscale Sync="TRUE">0</attscale></attr><attr><attrlabl Sync="TRUE">departureProcID</attrlabl><attalias Sync="TRUE">departureProcID</attalias><attrtype Sync="TRUE">String</attrtype><attwidth Sync="TRUE">8000</attwidth><atprecis Sync="TRUE">0</atprecis><attscale Sync="TRUE">0</attscale></attr><attr><attrlabl Sync="TRUE">nmArrivalProcedureId</attrlabl><attalias Sync="TRUE">nmArrivalProcedureId</attalias><attrtype Sync="TRUE">String</attrtype><attwidth Sync="TRUE">8000</attwidth><atprecis Sync="TRUE">0</atprecis><attscale Sync="TRUE">0</attscale></attr><attr><attrlabl Sync="TRUE">tipoAeronave</attrlabl><attalias Sync="TRUE">tipoAeronave</attalias><attrtype Sync="TRUE">String</attrtype><attwidth Sync="TRUE">8000</attwidth><atprecis Sync="TRUE">0</atprecis><attscale Sync="TRUE">0</attscale></attr><attr><attrlabl Sync="TRUE">tipoPV</attrlabl><attalias Sync="TRUE">tipoPV</attalias><attrtype Sync="TRUE">String</attrtype><attwidth Sync="TRUE">8000</attwidth><atprecis Sync="TRUE">0</atprecis><attscale Sync="TRUE">0</attscale></attr><attr><attrlabl Sync="TRUE">RWYOrigen</attrlabl><attalias Sync="TRUE">RWYOrigen</attalias><attrtype Sync="TRUE">String</attrtype><attwidth Sync="TRUE">8000</attwidth><atprecis Sync="TRUE">0</atprecis><attscale Sync="TRUE">0</attscale></attr><attr><attrlabl Sync="TRUE">RWYDestino</attrlabl><attalias Sync="TRUE">RWYDestino</attalias><attrtype Sync="TRUE">String</attrtype><attwidth Sync="TRUE">8000</attwidth><atprecis Sync="TRUE">0</atprecis><attscale Sync="TRUE">0</attscale></attr><attr><attrlabl Sync="TRUE">globalid</attrlabl><attalias Sync="TRUE">globalid</attalias><attrtype Sync="TRUE">String</attrtype><attwidth Sync="TRUE">8000</attwidth><atprecis Sync="TRUE">0</atprecis><attscale Sync="TRUE">0</attscale></attr><attr><attrlabl Sync="TRUE">repeID</attrlabl><attalias Sync="TRUE">repeID</attalias><attrtype Sync="TRUE">SmallInteger</attrtype><attwidth Sync="TRUE">2</attwidth><atprecis Sync="TRUE">0</atprecis><attscale Sync="TRUE">0</attscale></attr><attr><attrlabl Sync="TRUE">RepeNIVEL</attrlabl><attalias Sync="TRUE">RepeNIVEL</attalias><attrtype Sync="TRUE">SmallInteger</attrtype><attwidth Sync="TRUE">2</attwidth><atprecis Sync="TRUE">0</atprecis><attscale Sync="TRUE">0</attscale></attr><attr><attrlabl Sync="TRUE">RepeTimestr</attrlabl><attalias Sync="TRUE">RepeTimestr</attalias><attrtype Sync="TRUE">SmallInteger</attrtype><attwidth Sync="TRUE">2</attwidth><atprecis Sync="TRUE">0</atprecis><attscale Sync="TRUE">0</attscale></attr><attr><attrlabl Sync="TRUE">RepeLong</attrlabl><attalias Sync="TRUE">RepeLong</attalias><attrtype Sync="TRUE">SmallInteger</attrtype><attwidth Sync="TRUE">2</attwidth><atprecis Sync="TRUE">0</atprecis><attscale Sync="TRUE">0</attscale></attr><attr><attrlabl Sync="TRUE">Intersecta</attrlabl><attalias Sync="TRUE">Intersecta</attalias><attrtype Sync="TRUE">SmallInteger</attrtype><attwidth Sync="TRUE">2</attwidth><atprecis Sync="TRUE">0</atprecis><attscale Sync="TRUE">0</attscale></attr><attr><attrlabl Sync="TRUE">FID_MuniNorte</attrlabl><attalias Sync="TRUE">FID_MuniNorte</attalias><attrtype Sync="TRUE">Integer</attrtype><attwidth Sync="TRUE">4</attwidth><atprecis Sync="TRUE">0</atprecis><attscale Sync="TRUE">0</attscale></attr><attr><attrlabl Sync="TRUE">idpob</attrlabl><attalias Sync="TRUE">idpob</attalias><attrtype Sync="TRUE">Integer</attrtype><attwidth Sync="TRUE">4</attwidth><atprecis Sync="TRUE">0</atprecis><attscale Sync="TRUE">0</attscale></attr><attr><attrlabl Sync="TRUE">fecha</attrlabl><attalias Sync="TRUE">fecha</attalias><attrtype Sync="TRUE">String</attrtype><attwidth Sync="TRUE">20</attwidth><atprecis Sync="TRUE">0</atprecis><attscale Sync="TRUE">0</attscale></attr><attr><attrlabl Sync="TRUE">codine</attrlabl><attalias Sync="TRUE">codine</attalias><attrtype Sync="TRUE">String</attrtype><attwidth Sync="TRUE">11</attwidth><atprecis Sync="TRUE">0</atprecis><attscale Sync="TRUE">0</attscale></attr><attr><attrlabl Sync="TRUE">nombre</attrlabl><attalias Sync="TRUE">nombre</attalias><attrtype Sync="TRUE">String</attrtype><attwidth Sync="TRUE">200</attwidth><atprecis Sync="TRUE">0</atprecis><attscale Sync="TRUE">0</attscale></attr><attr><attrlabl Sync="TRUE">tipo</attrlabl><attalias Sync="TRUE">tipo</attalias><attrtype Sync="TRUE">String</attrtype><attwidth Sync="TRUE">3</attwidth><atprecis Sync="TRUE">0</atprecis><attscale Sync="TRUE">0</attscale></attr><attr><attrlabl Sync="TRUE">cpro</attrlabl><attalias Sync="TRUE">cpro</attalias><attrtype Sync="TRUE">Integer</attrtype><attwidth Sync="TRUE">4</attwidth><atprecis Sync="TRUE">0</atprecis><attscale Sync="TRUE">0</attscale></attr><attr><attrlabl Sync="TRUE">fechaine</attrlabl><attalias Sync="TRUE">fechaine</attalias><attrtype Sync="TRUE">Integer</attrtype><attwidth Sync="TRUE">4</attwidth><atprecis Sync="TRUE">0</atprecis><attscale Sync="TRUE">0</attscale></attr><attr><attrlabl Sync="TRUE">ine</attrlabl><attalias Sync="TRUE">ine</attalias><attrtype Sync="TRUE">Integer</attrtype><attwidth Sync="TRUE">4</attwidth><atprecis Sync="TRUE">0</atprecis><attscale Sync="TRUE">0</attscale></attr><attr><attrlabl Sync="TRUE">area</attrlabl><attalias Sync="TRUE">db_oajje.hsu_m5g2g.muninorte_muninorte.area</attalias><attrtype Sync="TRUE">Double</attrtype><attwidth Sync="TRUE">8</attwidth><atprecis Sync="TRUE">0</atprecis><attscale Sync="TRUE">0</attscale></attr><attr><attrlabl Sync="TRUE">area_edif</attrlabl><attalias Sync="TRUE">area_edif</attalias><attrtype Sync="TRUE">Double</attrtype><attwidth Sync="TRUE">8</attwidth><atprecis Sync="TRUE">0</atprecis><attscale Sync="TRUE">0</attscale></attr><attr><attrlabl Sync="TRUE">num_edif</attrlabl><attalias Sync="TRUE">num_edif</attalias><attrtype Sync="TRUE">Integer</attrtype><attwidth Sync="TRUE">4</attwidth><atprecis Sync="TRUE">0</atprecis><attscale Sync="TRUE">0</attscale></attr><attr><attrlabl Sync="TRUE">codfuente</attrlabl><attalias Sync="TRUE">codfuente</attalias><attrtype Sync="TRUE">String</attrtype><attwidth Sync="TRUE">25</attwidth><atprecis Sync="TRUE">0</atprecis><attscale Sync="TRUE">0</attscale></attr><attr><attrlabl Sync="TRUE">defgeom</attrlabl><attalias Sync="TRUE">defgeom</attalias><attrtype Sync="TRUE">String</attrtype><attwidth Sync="TRUE">20</attwidth><atprecis Sync="TRUE">0</atprecis><attscale Sync="TRUE">0</attscale></attr></detailed></eainfo><mdDateSt Sync="TRUE">20220826</mdDateSt></metadata>
