<?xml version="1.0" encoding="UTF-8"?>
<metadata xml:lang="es">
	<Esri>
		<CreaDate>20220911</CreaDate>
		<CreaTime>20061300</CreaTime>
		<ArcGISFormat>1.0</ArcGISFormat>
		<SyncOnce>FALSE</SyncOnce>
		<DataProperties><itemProps><itemName Sync="TRUE">spatialjoin</itemName><imsContentType Sync="TRUE">002</imsContentType><itemLocation><linkage Sync="TRUE">file://\\ESRI-7VF41G2\D$\Onedrive\OneDrive - ESRI ESPAÑA Soluciones Geoespaciales S.L\Escritorio\imf_LMC\Contenido Master\C Master\TFM\03_Trabajo\Proyecto\carto\MuniNorte.gdb</linkage><protocol Sync="TRUE">Local Area Network</protocol></itemLocation></itemProps><coordRef><type Sync="TRUE">Projected</type><geogcsn Sync="TRUE">GCS_WGS_1984</geogcsn><csUnits Sync="TRUE">Linear Unit: Meter (1.000000)</csUnits><projcsn Sync="TRUE">WGS_1984_Web_Mercator_Auxiliary_Sphere</projcsn><peXml Sync="TRUE">&lt;ProjectedCoordinateSystem xsi:type='typens:ProjectedCoordinateSystem' xmlns:xsi='http://www.w3.org/2001/XMLSchema-instance' xmlns:xs='http://www.w3.org/2001/XMLSchema' xmlns:typens='http://www.esri.com/schemas/ArcGIS/10.8'&gt;&lt;WKT&gt;PROJCS[&amp;quot;WGS_1984_Web_Mercator_Auxiliary_Sphere&amp;quot;,GEOGCS[&amp;quot;GCS_WGS_1984&amp;quot;,DATUM[&amp;quot;D_WGS_1984&amp;quot;,SPHEROID[&amp;quot;WGS_1984&amp;quot;,6378137.0,298.257223563]],PRIMEM[&amp;quot;Greenwich&amp;quot;,0.0],UNIT[&amp;quot;Degree&amp;quot;,0.0174532925199433]],PROJECTION[&amp;quot;Mercator_Auxiliary_Sphere&amp;quot;],PARAMETER[&amp;quot;False_Easting&amp;quot;,0.0],PARAMETER[&amp;quot;False_Northing&amp;quot;,0.0],PARAMETER[&amp;quot;Central_Meridian&amp;quot;,0.0],PARAMETER[&amp;quot;Standard_Parallel_1&amp;quot;,0.0],PARAMETER[&amp;quot;Auxiliary_Sphere_Type&amp;quot;,0.0],UNIT[&amp;quot;Meter&amp;quot;,1.0],AUTHORITY[&amp;quot;EPSG&amp;quot;,3857]]&lt;/WKT&gt;&lt;XOrigin&gt;-20037700&lt;/XOrigin&gt;&lt;YOrigin&gt;-30241100&lt;/YOrigin&gt;&lt;XYScale&gt;148923141.92838538&lt;/XYScale&gt;&lt;ZOrigin&gt;-100000&lt;/ZOrigin&gt;&lt;ZScale&gt;10000&lt;/ZScale&gt;&lt;MOrigin&gt;-100000&lt;/MOrigin&gt;&lt;MScale&gt;10000&lt;/MScale&gt;&lt;XYTolerance&gt;0.001&lt;/XYTolerance&gt;&lt;ZTolerance&gt;0.001&lt;/ZTolerance&gt;&lt;MTolerance&gt;0.001&lt;/MTolerance&gt;&lt;HighPrecision&gt;true&lt;/HighPrecision&gt;&lt;WKID&gt;102100&lt;/WKID&gt;&lt;LatestWKID&gt;3857&lt;/LatestWKID&gt;&lt;/ProjectedCoordinateSystem&gt;</peXml></coordRef><lineage><Process ToolSource="c:\program files (x86)\arcgis\desktop10.8\ArcToolbox\Toolboxes\Analysis Tools.tbx\SpatialJoin" Date="20220831" Time="122114">SpatialJoin MuniNorte Intersec "D:\Onedrive\OneDrive - ESRI ESPAÑA Soluciones Geoespaciales S.L\Escritorio\imf_LMC\Contenido Master\C Master\TFM\03_Trabajo\Proyecto\carto\MuniNorte.gdb\spatialjoin" JOIN_ONE_TO_ONE KEEP_COMMON "idpob "idpob" true true false 4 Long 0 0 ,First,#,MuniNorte,idpob,-1,-1;fecha "fecha" true true false 20 Text 0 0 ,First,#,MuniNorte,fecha,-1,-1;codine "codine" true true false 11 Text 0 0 ,First,#,MuniNorte,codine,-1,-1;nombre "nombre" true true false 200 Text 0 0 ,First,#,MuniNorte,nombre,-1,-1;tipo "tipo" true true false 3 Text 0 0 ,First,#,MuniNorte,tipo,-1,-1;cpro "cpro" true true false 4 Long 0 0 ,First,#,MuniNorte,cpro,-1,-1;fechaine "fechaine" true true false 4 Long 0 0 ,First,#,MuniNorte,fechaine,-1,-1;ine "ine" true true false 4 Long 0 0 ,First,#,MuniNorte,ine,-1,-1;area "area" true true false 8 Double 0 0 ,First,#,MuniNorte,area,-1,-1;area_edif "area_edif" true true false 8 Double 0 0 ,First,#,MuniNorte,area_edif,-1,-1;num_edif "num_edif" true true false 4 Long 0 0 ,First,#,MuniNorte,num_edif,-1,-1;codfuente "codfuente" true true false 25 Text 0 0 ,First,#,MuniNorte,codfuente,-1,-1;defgeom "defgeom" true true false 20 Text 0 0 ,First,#,MuniNorte,defgeom,-1,-1;shape_Length "shape_Length" false true true 8 Double 0 0 ,First,#,MuniNorte,shape_Length,-1,-1;shape_Area "shape_Area" false true true 8 Double 0 0 ,First,#,MuniNorte,shape_Area,-1,-1;FID_PosicionesAeronaves "FID_PosicionesAeronaves" true true false 4 Long 0 0 ,First,#,Intersec,FID_PosicionesAeronaves,-1,-1;Long_ "Long" true true false 8 Double 0 0 ,First,#,Intersec,Long_,-1,-1;Lat "Lat" true true false 8 Double 0 0 ,First,#,Intersec,Lat,-1,-1;id "id" true true false 8000 Text 0 0 ,First,#,Intersec,id,-1,-1;source "source" true true false 8000 Text 0 0 ,First,#,Intersec,source,-1,-1;timestamp_ "timestamp" true true false 8000 Text 0 0 ,First,#,Intersec,timestamp_,-1,-1;timestampStr "timestampStr" true true false 8 Date 0 0 ,First,#,Intersec,timestampStr,-1,-1;postimestamp "postimestamp" true true false 8 Date 0 0 ,First,#,Intersec,postimestamp,-1,-1;callsign "callsign" true true false 8000 Text 0 0 ,First,#,Intersec,callsign,-1,-1;origen "origen" true true false 8000 Text 0 0 ,First,#,Intersec,origen,-1,-1;destino "destino" true true false 8000 Text 0 0 ,First,#,Intersec,destino,-1,-1;latitud "latitud" true true false 8 Double 0 0 ,First,#,Intersec,latitud,-1,-1;longitud "longitud" true true false 8 Double 0 0 ,First,#,Intersec,longitud,-1,-1;rumbo "rumbo" true true false 8000 Text 0 0 ,First,#,Intersec,rumbo,-1,-1;nivelisqnh "nivelisqnh" true true false 8000 Text 0 0 ,First,#,Intersec,nivelisqnh,-1,-1;nivel "nivel" true true false 8 Double 0 0 ,First,#,Intersec,nivel,-1,-1;velverticaltipo "velverticaltipo" true true false 8000 Text 0 0 ,First,#,Intersec,velverticaltipo,-1,-1;velvertical "velvertical" true true false 8000 Text 0 0 ,First,#,Intersec,velvertical,-1,-1;turnstatus "turnstatus" true true false 8000 Text 0 0 ,First,#,Intersec,turnstatus,-1,-1;velocidad "velocidad" true true false 8000 Text 0 0 ,First,#,Intersec,velocidad,-1,-1;waketurbcat "waketurbcat" true true false 8000 Text 0 0 ,First,#,Intersec,waketurbcat,-1,-1;timesal "timesal" true true false 8000 Text 0 0 ,First,#,Intersec,timesal,-1,-1;timearr "timearr" true true false 8000 Text 0 0 ,First,#,Intersec,timearr,-1,-1;serviceid "serviceid" true true false 8000 Text 0 0 ,First,#,Intersec,serviceid,-1,-1;tracknumber "tracknumber" true true false 8000 Text 0 0 ,First,#,Intersec,tracknumber,-1,-1;trackstatus "trackstatus" true true false 8000 Text 0 0 ,First,#,Intersec,trackstatus,-1,-1;departureProcID "departureProcID" true true false 8000 Text 0 0 ,First,#,Intersec,departureProcID,-1,-1;nmArrivalProcedureId "nmArrivalProcedureId" true true false 8000 Text 0 0 ,First,#,Intersec,nmArrivalProcedureId,-1,-1;tipoAeronave "tipoAeronave" true true false 8000 Text 0 0 ,First,#,Intersec,tipoAeronave,-1,-1;tipoPV "tipoPV" true true false 8000 Text 0 0 ,First,#,Intersec,tipoPV,-1,-1;RWYOrigen "RWYOrigen" true true false 8000 Text 0 0 ,First,#,Intersec,RWYOrigen,-1,-1;RWYDestino "RWYDestino" true true false 8000 Text 0 0 ,First,#,Intersec,RWYDestino,-1,-1;globalid "globalid" true true false 8000 Text 0 0 ,First,#,Intersec,globalid,-1,-1;repeID "repeID" true true false 2 Short 0 0 ,First,#,Intersec,repeID,-1,-1;RepeNIVEL "RepeNIVEL" true true false 2 Short 0 0 ,First,#,Intersec,RepeNIVEL,-1,-1;RepeTimestr "RepeTimestr" true true false 2 Short 0 0 ,First,#,Intersec,RepeTimestr,-1,-1;RepeLong "RepeLong" true true false 2 Short 0 0 ,First,#,Intersec,RepeLong,-1,-1;Intersecta "Intersecta" true true false 2 Short 0 0 ,First,#,Intersec,Intersecta,-1,-1;FID_MuniNorte "FID_MuniNorte" true true false 4 Long 0 0 ,First,#,Intersec,FID_MuniNorte,-1,-1;idpob_1 "idpob" true true false 4 Long 0 0 ,First,#,Intersec,idpob,-1,-1;fecha_1 "fecha" true true false 20 Text 0 0 ,First,#,Intersec,fecha,-1,-1;codine_1 "codine" true true false 11 Text 0 0 ,First,#,Intersec,codine,-1,-1;nombre_1 "nombre" true true false 200 Text 0 0 ,First,#,Intersec,nombre,-1,-1;tipo_1 "tipo" true true false 3 Text 0 0 ,First,#,Intersec,tipo,-1,-1;cpro_1 "cpro" true true false 4 Long 0 0 ,First,#,Intersec,cpro,-1,-1;fechaine_1 "fechaine" true true false 4 Long 0 0 ,First,#,Intersec,fechaine,-1,-1;ine_1 "ine" true true false 4 Long 0 0 ,First,#,Intersec,ine,-1,-1;area_1 "db_oajje.hsu_m5g2g.muninorte_muninorte.area" true true false 8 Double 0 0 ,First,#,Intersec,area,-1,-1;area_edif_1 "area_edif" true true false 8 Double 0 0 ,First,#,Intersec,area_edif,-1,-1;num_edif_1 "num_edif" true true false 4 Long 0 0 ,First,#,Intersec,num_edif,-1,-1;codfuente_1 "codfuente" true true false 25 Text 0 0 ,First,#,Intersec,codfuente,-1,-1;defgeom_1 "defgeom" true true false 20 Text 0 0 ,First,#,Intersec,defgeom,-1,-1" COMPLETELY_CONTAINS # #</Process></lineage></DataProperties><SyncDate>20220831</SyncDate><SyncTime>12211000</SyncTime><ModDate>20220831</ModDate><ModTime>12211000</ModTime></Esri>
	<dataIdInfo><envirDesc Sync="TRUE"> Version 6.2 (Build 9200) ; Esri ArcGIS 10.8.1.14362</envirDesc><dataLang><languageCode value="spa" Sync="TRUE"></languageCode><countryCode value="ESP" Sync="TRUE"></countryCode></dataLang><idCitation><resTitle Sync="TRUE">spatialjoin</resTitle><presForm><PresFormCd value="005" Sync="TRUE"></PresFormCd></presForm></idCitation><spatRpType><SpatRepTypCd value="001" Sync="TRUE"></SpatRepTypCd></spatRpType></dataIdInfo><mdLang><languageCode value="spa" Sync="TRUE"></languageCode><countryCode value="ESP" Sync="TRUE"></countryCode></mdLang><distInfo><distFormat><formatName Sync="TRUE">File Geodatabase Feature Class</formatName></distFormat></distInfo><mdHrLv><ScopeCd value="005" Sync="TRUE"></ScopeCd></mdHrLv><mdHrLvName Sync="TRUE">dataset</mdHrLvName><refSysInfo><RefSystem><refSysID><identCode code="3857" Sync="TRUE"></identCode><idCodeSpace Sync="TRUE">EPSG</idCodeSpace><idVersion Sync="TRUE">8.8(9.3.1.2)</idVersion></refSysID></RefSystem></refSysInfo><spatRepInfo><VectSpatRep><geometObjs Name="spatialjoin"><geoObjTyp><GeoObjTypCd value="002" Sync="TRUE"></GeoObjTypCd></geoObjTyp><geoObjCnt Sync="TRUE">0</geoObjCnt></geometObjs><topLvl><TopoLevCd value="001" Sync="TRUE"></TopoLevCd></topLvl></VectSpatRep></spatRepInfo><spdoinfo><ptvctinf><esriterm Name="spatialjoin"><efeatyp Sync="TRUE">Simple</efeatyp><efeageom code="4" Sync="TRUE"></efeageom><esritopo Sync="TRUE">FALSE</esritopo><efeacnt Sync="TRUE">0</efeacnt><spindex Sync="TRUE">TRUE</spindex><linrefer Sync="TRUE">FALSE</linrefer></esriterm></ptvctinf></spdoinfo><eainfo><detailed Name="spatialjoin"><enttyp><enttypl Sync="TRUE">spatialjoin</enttypl><enttypt Sync="TRUE">Feature Class</enttypt><enttypc Sync="TRUE">0</enttypc></enttyp><attr><attrlabl Sync="TRUE">OBJECTID</attrlabl><attalias Sync="TRUE">OBJECTID</attalias><attrtype Sync="TRUE">OID</attrtype><attwidth Sync="TRUE">4</attwidth><atprecis Sync="TRUE">0</atprecis><attscale Sync="TRUE">0</attscale><attrdef Sync="TRUE">Internal feature number.</attrdef><attrdefs Sync="TRUE">Esri</attrdefs><attrdomv><udom Sync="TRUE">Sequential unique whole numbers that are automatically generated.</udom></attrdomv></attr><attr><attrlabl Sync="TRUE">shape</attrlabl><attalias Sync="TRUE">SHAPE</attalias><attrtype Sync="TRUE">Geometry</attrtype><attwidth Sync="TRUE">0</attwidth><atprecis Sync="TRUE">0</atprecis><attscale Sync="TRUE">0</attscale><attrdef Sync="TRUE">Feature geometry.</attrdef><attrdefs Sync="TRUE">Esri</attrdefs><attrdomv><udom Sync="TRUE">Coordinates defining the features.</udom></attrdomv></attr><attr><attrlabl Sync="TRUE">Join_Count</attrlabl><attalias Sync="TRUE">Join_Count</attalias><attrtype Sync="TRUE">Integer</attrtype><attwidth Sync="TRUE">4</attwidth><atprecis Sync="TRUE">0</atprecis><attscale Sync="TRUE">0</attscale></attr><attr><attrlabl Sync="TRUE">TARGET_FID</attrlabl><attalias Sync="TRUE">TARGET_FID</attalias><attrtype Sync="TRUE">Integer</attrtype><attwidth Sync="TRUE">4</attwidth><atprecis Sync="TRUE">0</atprecis><attscale Sync="TRUE">0</attscale></attr><attr><attrlabl Sync="TRUE">idpob</attrlabl><attalias Sync="TRUE">idpob</attalias><attrtype Sync="TRUE">Integer</attrtype><attwidth Sync="TRUE">4</attwidth><atprecis Sync="TRUE">0</atprecis><attscale Sync="TRUE">0</attscale></attr><attr><attrlabl Sync="TRUE">fecha</attrlabl><attalias Sync="TRUE">fecha</attalias><attrtype Sync="TRUE">String</attrtype><attwidth Sync="TRUE">20</attwidth><atprecis Sync="TRUE">0</atprecis><attscale Sync="TRUE">0</attscale></attr><attr><attrlabl Sync="TRUE">codine</attrlabl><attalias Sync="TRUE">codine</attalias><attrtype Sync="TRUE">String</attrtype><attwidth Sync="TRUE">11</attwidth><atprecis Sync="TRUE">0</atprecis><attscale Sync="TRUE">0</attscale></attr><attr><attrlabl Sync="TRUE">nombre</attrlabl><attalias Sync="TRUE">nombre</attalias><attrtype Sync="TRUE">String</attrtype><attwidth Sync="TRUE">200</attwidth><atprecis Sync="TRUE">0</atprecis><attscale Sync="TRUE">0</attscale></attr><attr><attrlabl Sync="TRUE">tipo</attrlabl><attalias Sync="TRUE">tipo</attalias><attrtype Sync="TRUE">String</attrtype><attwidth Sync="TRUE">3</attwidth><atprecis Sync="TRUE">0</atprecis><attscale Sync="TRUE">0</attscale></attr><attr><attrlabl Sync="TRUE">cpro</attrlabl><attalias Sync="TRUE">cpro</attalias><attrtype Sync="TRUE">Integer</attrtype><attwidth Sync="TRUE">4</attwidth><atprecis Sync="TRUE">0</atprecis><attscale Sync="TRUE">0</attscale></attr><attr><attrlabl Sync="TRUE">fechaine</attrlabl><attalias Sync="TRUE">fechaine</attalias><attrtype Sync="TRUE">Integer</attrtype><attwidth Sync="TRUE">4</attwidth><atprecis Sync="TRUE">0</atprecis><attscale Sync="TRUE">0</attscale></attr><attr><attrlabl Sync="TRUE">ine</attrlabl><attalias Sync="TRUE">ine</attalias><attrtype Sync="TRUE">Integer</attrtype><attwidth Sync="TRUE">4</attwidth><atprecis Sync="TRUE">0</atprecis><attscale Sync="TRUE">0</attscale></attr><attr><attrlabl Sync="TRUE">area</attrlabl><attalias Sync="TRUE">area</attalias><attrtype Sync="TRUE">Double</attrtype><attwidth Sync="TRUE">8</attwidth><atprecis Sync="TRUE">0</atprecis><attscale Sync="TRUE">0</attscale></attr><attr><attrlabl Sync="TRUE">area_edif</attrlabl><attalias Sync="TRUE">area_edif</attalias><attrtype Sync="TRUE">Double</attrtype><attwidth Sync="TRUE">8</attwidth><atprecis Sync="TRUE">0</atprecis><attscale Sync="TRUE">0</attscale></attr><attr><attrlabl Sync="TRUE">num_edif</attrlabl><attalias Sync="TRUE">num_edif</attalias><attrtype Sync="TRUE">Integer</attrtype><attwidth Sync="TRUE">4</attwidth><atprecis Sync="TRUE">0</atprecis><attscale Sync="TRUE">0</attscale></attr><attr><attrlabl Sync="TRUE">codfuente</attrlabl><attalias Sync="TRUE">codfuente</attalias><attrtype Sync="TRUE">String</attrtype><attwidth Sync="TRUE">25</attwidth><atprecis Sync="TRUE">0</atprecis><attscale Sync="TRUE">0</attscale></attr><attr><attrlabl Sync="TRUE">defgeom</attrlabl><attalias Sync="TRUE">defgeom</attalias><attrtype Sync="TRUE">String</attrtype><attwidth Sync="TRUE">20</attwidth><atprecis Sync="TRUE">0</atprecis><attscale Sync="TRUE">0</attscale></attr><attr><attrlabl Sync="TRUE">FID_PosicionesAeronaves</attrlabl><attalias Sync="TRUE">FID_PosicionesAeronaves</attalias><attrtype Sync="TRUE">Integer</attrtype><attwidth Sync="TRUE">4</attwidth><atprecis Sync="TRUE">0</atprecis><attscale Sync="TRUE">0</attscale></attr><attr><attrlabl Sync="TRUE">Long_</attrlabl><attalias Sync="TRUE">Long</attalias><attrtype Sync="TRUE">Double</attrtype><attwidth Sync="TRUE">8</attwidth><atprecis Sync="TRUE">0</atprecis><attscale Sync="TRUE">0</attscale></attr><attr><attrlabl Sync="TRUE">Lat</attrlabl><attalias Sync="TRUE">Lat</attalias><attrtype Sync="TRUE">Double</attrtype><attwidth Sync="TRUE">8</attwidth><atprecis Sync="TRUE">0</atprecis><attscale Sync="TRUE">0</attscale></attr><attr><attrlabl Sync="TRUE">id</attrlabl><attalias Sync="TRUE">id</attalias><attrtype Sync="TRUE">String</attrtype><attwidth Sync="TRUE">8000</attwidth><atprecis Sync="TRUE">0</atprecis><attscale Sync="TRUE">0</attscale></attr><attr><attrlabl Sync="TRUE">source</attrlabl><attalias Sync="TRUE">source</attalias><attrtype Sync="TRUE">String</attrtype><attwidth Sync="TRUE">8000</attwidth><atprecis Sync="TRUE">0</atprecis><attscale Sync="TRUE">0</attscale></attr><attr><attrlabl Sync="TRUE">timestamp_</attrlabl><attalias Sync="TRUE">timestamp</attalias><attrtype Sync="TRUE">String</attrtype><attwidth Sync="TRUE">8000</attwidth><atprecis Sync="TRUE">0</atprecis><attscale Sync="TRUE">0</attscale></attr><attr><attrlabl Sync="TRUE">timestampStr</attrlabl><attalias Sync="TRUE">timestampStr</attalias><attrtype Sync="TRUE">Date</attrtype><attwidth Sync="TRUE">8</attwidth><atprecis Sync="TRUE">0</atprecis><attscale Sync="TRUE">0</attscale></attr><attr><attrlabl Sync="TRUE">postimestamp</attrlabl><attalias Sync="TRUE">postimestamp</attalias><attrtype Sync="TRUE">Date</attrtype><attwidth Sync="TRUE">8</attwidth><atprecis Sync="TRUE">0</atprecis><attscale Sync="TRUE">0</attscale></attr><attr><attrlabl Sync="TRUE">callsign</attrlabl><attalias Sync="TRUE">callsign</attalias><attrtype Sync="TRUE">String</attrtype><attwidth Sync="TRUE">8000</attwidth><atprecis Sync="TRUE">0</atprecis><attscale Sync="TRUE">0</attscale></attr><attr><attrlabl Sync="TRUE">origen</attrlabl><attalias Sync="TRUE">origen</attalias><attrtype Sync="TRUE">String</attrtype><attwidth Sync="TRUE">8000</attwidth><atprecis Sync="TRUE">0</atprecis><attscale Sync="TRUE">0</attscale></attr><attr><attrlabl Sync="TRUE">destino</attrlabl><attalias Sync="TRUE">destino</attalias><attrtype Sync="TRUE">String</attrtype><attwidth Sync="TRUE">8000</attwidth><atprecis Sync="TRUE">0</atprecis><attscale Sync="TRUE">0</attscale></attr><attr><attrlabl Sync="TRUE">latitud</attrlabl><attalias Sync="TRUE">latitud</attalias><attrtype Sync="TRUE">Double</attrtype><attwidth Sync="TRUE">8</attwidth><atprecis Sync="TRUE">0</atprecis><attscale Sync="TRUE">0</attscale></attr><attr><attrlabl Sync="TRUE">longitud</attrlabl><attalias Sync="TRUE">longitud</attalias><attrtype Sync="TRUE">Double</attrtype><attwidth Sync="TRUE">8</attwidth><atprecis Sync="TRUE">0</atprecis><attscale Sync="TRUE">0</attscale></attr><attr><attrlabl Sync="TRUE">rumbo</attrlabl><attalias Sync="TRUE">rumbo</attalias><attrtype Sync="TRUE">String</attrtype><attwidth Sync="TRUE">8000</attwidth><atprecis Sync="TRUE">0</atprecis><attscale Sync="TRUE">0</attscale></attr><attr><attrlabl Sync="TRUE">nivelisqnh</attrlabl><attalias Sync="TRUE">nivelisqnh</attalias><attrtype Sync="TRUE">String</attrtype><attwidth Sync="TRUE">8000</attwidth><atprecis Sync="TRUE">0</atprecis><attscale Sync="TRUE">0</attscale></attr><attr><attrlabl Sync="TRUE">nivel</attrlabl><attalias Sync="TRUE">nivel</attalias><attrtype Sync="TRUE">Double</attrtype><attwidth Sync="TRUE">8</attwidth><atprecis Sync="TRUE">0</atprecis><attscale Sync="TRUE">0</attscale></attr><attr><attrlabl Sync="TRUE">velverticaltipo</attrlabl><attalias Sync="TRUE">velverticaltipo</attalias><attrtype Sync="TRUE">String</attrtype><attwidth Sync="TRUE">8000</attwidth><atprecis Sync="TRUE">0</atprecis><attscale Sync="TRUE">0</attscale></attr><attr><attrlabl Sync="TRUE">velvertical</attrlabl><attalias Sync="TRUE">velvertical</attalias><attrtype Sync="TRUE">String</attrtype><attwidth Sync="TRUE">8000</attwidth><atprecis Sync="TRUE">0</atprecis><attscale Sync="TRUE">0</attscale></attr><attr><attrlabl Sync="TRUE">turnstatus</attrlabl><attalias Sync="TRUE">turnstatus</attalias><attrtype Sync="TRUE">String</attrtype><attwidth Sync="TRUE">8000</attwidth><atprecis Sync="TRUE">0</atprecis><attscale Sync="TRUE">0</attscale></attr><attr><attrlabl Sync="TRUE">velocidad</attrlabl><attalias Sync="TRUE">velocidad</attalias><attrtype Sync="TRUE">String</attrtype><attwidth Sync="TRUE">8000</attwidth><atprecis Sync="TRUE">0</atprecis><attscale Sync="TRUE">0</attscale></attr><attr><attrlabl Sync="TRUE">waketurbcat</attrlabl><attalias Sync="TRUE">waketurbcat</attalias><attrtype Sync="TRUE">String</attrtype><attwidth Sync="TRUE">8000</attwidth><atprecis Sync="TRUE">0</atprecis><attscale Sync="TRUE">0</attscale></attr><attr><attrlabl Sync="TRUE">timesal</attrlabl><attalias Sync="TRUE">timesal</attalias><attrtype Sync="TRUE">String</attrtype><attwidth Sync="TRUE">8000</attwidth><atprecis Sync="TRUE">0</atprecis><attscale Sync="TRUE">0</attscale></attr><attr><attrlabl Sync="TRUE">timearr</attrlabl><attalias Sync="TRUE">timearr</attalias><attrtype Sync="TRUE">String</attrtype><attwidth Sync="TRUE">8000</attwidth><atprecis Sync="TRUE">0</atprecis><attscale Sync="TRUE">0</attscale></attr><attr><attrlabl Sync="TRUE">serviceid</attrlabl><attalias Sync="TRUE">serviceid</attalias><attrtype Sync="TRUE">String</attrtype><attwidth Sync="TRUE">8000</attwidth><atprecis Sync="TRUE">0</atprecis><attscale Sync="TRUE">0</attscale></attr><attr><attrlabl Sync="TRUE">tracknumber</attrlabl><attalias Sync="TRUE">tracknumber</attalias><attrtype Sync="TRUE">String</attrtype><attwidth Sync="TRUE">8000</attwidth><atprecis Sync="TRUE">0</atprecis><attscale Sync="TRUE">0</attscale></attr><attr><attrlabl Sync="TRUE">trackstatus</attrlabl><attalias Sync="TRUE">trackstatus</attalias><attrtype Sync="TRUE">String</attrtype><attwidth Sync="TRUE">8000</attwidth><atprecis Sync="TRUE">0</atprecis><attscale Sync="TRUE">0</attscale></attr><attr><attrlabl Sync="TRUE">departureProcID</attrlabl><attalias Sync="TRUE">departureProcID</attalias><attrtype Sync="TRUE">String</attrtype><attwidth Sync="TRUE">8000</attwidth><atprecis Sync="TRUE">0</atprecis><attscale Sync="TRUE">0</attscale></attr><attr><attrlabl Sync="TRUE">nmArrivalProcedureId</attrlabl><attalias Sync="TRUE">nmArrivalProcedureId</attalias><attrtype Sync="TRUE">String</attrtype><attwidth Sync="TRUE">8000</attwidth><atprecis Sync="TRUE">0</atprecis><attscale Sync="TRUE">0</attscale></attr><attr><attrlabl Sync="TRUE">tipoAeronave</attrlabl><attalias Sync="TRUE">tipoAeronave</attalias><attrtype Sync="TRUE">String</attrtype><attwidth Sync="TRUE">8000</attwidth><atprecis Sync="TRUE">0</atprecis><attscale Sync="TRUE">0</attscale></attr><attr><attrlabl Sync="TRUE">tipoPV</attrlabl><attalias Sync="TRUE">tipoPV</attalias><attrtype Sync="TRUE">String</attrtype><attwidth Sync="TRUE">8000</attwidth><atprecis Sync="TRUE">0</atprecis><attscale Sync="TRUE">0</attscale></attr><attr><attrlabl Sync="TRUE">RWYOrigen</attrlabl><attalias Sync="TRUE">RWYOrigen</attalias><attrtype Sync="TRUE">String</attrtype><attwidth Sync="TRUE">8000</attwidth><atprecis Sync="TRUE">0</atprecis><attscale Sync="TRUE">0</attscale></attr><attr><attrlabl Sync="TRUE">RWYDestino</attrlabl><attalias Sync="TRUE">RWYDestino</attalias><attrtype Sync="TRUE">String</attrtype><attwidth Sync="TRUE">8000</attwidth><atprecis Sync="TRUE">0</atprecis><attscale Sync="TRUE">0</attscale></attr><attr><attrlabl Sync="TRUE">globalid</attrlabl><attalias Sync="TRUE">globalid</attalias><attrtype Sync="TRUE">String</attrtype><attwidth Sync="TRUE">8000</attwidth><atprecis Sync="TRUE">0</atprecis><attscale Sync="TRUE">0</attscale></attr><attr><attrlabl Sync="TRUE">repeID</attrlabl><attalias Sync="TRUE">repeID</attalias><attrtype Sync="TRUE">SmallInteger</attrtype><attwidth Sync="TRUE">2</attwidth><atprecis Sync="TRUE">0</atprecis><attscale Sync="TRUE">0</attscale></attr><attr><attrlabl Sync="TRUE">RepeNIVEL</attrlabl><attalias Sync="TRUE">RepeNIVEL</attalias><attrtype Sync="TRUE">SmallInteger</attrtype><attwidth Sync="TRUE">2</attwidth><atprecis Sync="TRUE">0</atprecis><attscale Sync="TRUE">0</attscale></attr><attr><attrlabl Sync="TRUE">RepeTimestr</attrlabl><attalias Sync="TRUE">RepeTimestr</attalias><attrtype Sync="TRUE">SmallInteger</attrtype><attwidth Sync="TRUE">2</attwidth><atprecis Sync="TRUE">0</atprecis><attscale Sync="TRUE">0</attscale></attr><attr><attrlabl Sync="TRUE">RepeLong</attrlabl><attalias Sync="TRUE">RepeLong</attalias><attrtype Sync="TRUE">SmallInteger</attrtype><attwidth Sync="TRUE">2</attwidth><atprecis Sync="TRUE">0</atprecis><attscale Sync="TRUE">0</attscale></attr><attr><attrlabl Sync="TRUE">Intersecta</attrlabl><attalias Sync="TRUE">Intersecta</attalias><attrtype Sync="TRUE">SmallInteger</attrtype><attwidth Sync="TRUE">2</attwidth><atprecis Sync="TRUE">0</atprecis><attscale Sync="TRUE">0</attscale></attr><attr><attrlabl Sync="TRUE">FID_MuniNorte</attrlabl><attalias Sync="TRUE">FID_MuniNorte</attalias><attrtype Sync="TRUE">Integer</attrtype><attwidth Sync="TRUE">4</attwidth><atprecis Sync="TRUE">0</atprecis><attscale Sync="TRUE">0</attscale></attr><attr><attrlabl Sync="TRUE">idpob_1</attrlabl><attalias Sync="TRUE">idpob</attalias><attrtype Sync="TRUE">Integer</attrtype><attwidth Sync="TRUE">4</attwidth><atprecis Sync="TRUE">0</atprecis><attscale Sync="TRUE">0</attscale></attr><attr><attrlabl Sync="TRUE">fecha_1</attrlabl><attalias Sync="TRUE">fecha</attalias><attrtype Sync="TRUE">String</attrtype><attwidth Sync="TRUE">20</attwidth><atprecis Sync="TRUE">0</atprecis><attscale Sync="TRUE">0</attscale></attr><attr><attrlabl Sync="TRUE">codine_1</attrlabl><attalias Sync="TRUE">codine</attalias><attrtype Sync="TRUE">String</attrtype><attwidth Sync="TRUE">11</attwidth><atprecis Sync="TRUE">0</atprecis><attscale Sync="TRUE">0</attscale></attr><attr><attrlabl Sync="TRUE">nombre_1</attrlabl><attalias Sync="TRUE">nombre</attalias><attrtype Sync="TRUE">String</attrtype><attwidth Sync="TRUE">200</attwidth><atprecis Sync="TRUE">0</atprecis><attscale Sync="TRUE">0</attscale></attr><attr><attrlabl Sync="TRUE">tipo_1</attrlabl><attalias Sync="TRUE">tipo</attalias><attrtype Sync="TRUE">String</attrtype><attwidth Sync="TRUE">3</attwidth><atprecis Sync="TRUE">0</atprecis><attscale Sync="TRUE">0</attscale></attr><attr><attrlabl Sync="TRUE">cpro_1</attrlabl><attalias Sync="TRUE">cpro</attalias><attrtype Sync="TRUE">Integer</attrtype><attwidth Sync="TRUE">4</attwidth><atprecis Sync="TRUE">0</atprecis><attscale Sync="TRUE">0</attscale></attr><attr><attrlabl Sync="TRUE">fechaine_1</attrlabl><attalias Sync="TRUE">fechaine</attalias><attrtype Sync="TRUE">Integer</attrtype><attwidth Sync="TRUE">4</attwidth><atprecis Sync="TRUE">0</atprecis><attscale Sync="TRUE">0</attscale></attr><attr><attrlabl Sync="TRUE">ine_1</attrlabl><attalias Sync="TRUE">ine</attalias><attrtype Sync="TRUE">Integer</attrtype><attwidth Sync="TRUE">4</attwidth><atprecis Sync="TRUE">0</atprecis><attscale Sync="TRUE">0</attscale></attr><attr><attrlabl Sync="TRUE">area_1</attrlabl><attalias Sync="TRUE">db_oajje.hsu_m5g2g.muninorte_muninorte.area</attalias><attrtype Sync="TRUE">Double</attrtype><attwidth Sync="TRUE">8</attwidth><atprecis Sync="TRUE">0</atprecis><attscale Sync="TRUE">0</attscale></attr><attr><attrlabl Sync="TRUE">area_edif_1</attrlabl><attalias Sync="TRUE">area_edif</attalias><attrtype Sync="TRUE">Double</attrtype><attwidth Sync="TRUE">8</attwidth><atprecis Sync="TRUE">0</atprecis><attscale Sync="TRUE">0</attscale></attr><attr><attrlabl Sync="TRUE">num_edif_1</attrlabl><attalias Sync="TRUE">num_edif</attalias><attrtype Sync="TRUE">Integer</attrtype><attwidth Sync="TRUE">4</attwidth><atprecis Sync="TRUE">0</atprecis><attscale Sync="TRUE">0</attscale></attr><attr><attrlabl Sync="TRUE">codfuente_1</attrlabl><attalias Sync="TRUE">codfuente</attalias><attrtype Sync="TRUE">String</attrtype><attwidth Sync="TRUE">25</attwidth><atprecis Sync="TRUE">0</atprecis><attscale Sync="TRUE">0</attscale></attr><attr><attrlabl Sync="TRUE">defgeom_1</attrlabl><attalias Sync="TRUE">defgeom</attalias><attrtype Sync="TRUE">String</attrtype><attwidth Sync="TRUE">20</attwidth><atprecis Sync="TRUE">0</atprecis><attscale Sync="TRUE">0</attscale></attr><attr><attrlabl Sync="TRUE">shape_Length</attrlabl><attalias Sync="TRUE">shape_Length</attalias><attrtype Sync="TRUE">Double</attrtype><attwidth Sync="TRUE">8</attwidth><atprecis Sync="TRUE">0</atprecis><attscale Sync="TRUE">0</attscale><attrdef Sync="TRUE">Length of feature in internal units.</attrdef><attrdefs Sync="TRUE">Esri</attrdefs><attrdomv><udom Sync="TRUE">Positive real numbers that are automatically generated.</udom></attrdomv></attr><attr><attrlabl Sync="TRUE">shape_Area</attrlabl><attalias Sync="TRUE">shape_Area</attalias><attrtype Sync="TRUE">Double</attrtype><attwidth Sync="TRUE">8</attwidth><atprecis Sync="TRUE">0</atprecis><attscale Sync="TRUE">0</attscale><attrdef Sync="TRUE">Area of feature in internal units squared.</attrdef><attrdefs Sync="TRUE">Esri</attrdefs><attrdomv><udom Sync="TRUE">Positive real numbers that are automatically generated.</udom></attrdomv></attr></detailed></eainfo><mdDateSt Sync="TRUE">20220831</mdDateSt></metadata>
