<?xml version="1.0" encoding="UTF-8"?>
<metadata xml:lang="es"><Esri><CreaDate>20220911</CreaDate><CreaTime>20042300</CreaTime><ArcGISFormat>1.0</ArcGISFormat><SyncOnce>TRUE</SyncOnce><DataProperties><lineage><Process ToolSource="c:\program files (x86)\arcgis\desktop10.8\ArcToolbox\Toolboxes\Data Management Tools.tbx\CalculateField" Date="20220826" Time="111302">CalculateField PosicionesAeronaves globalid ID() PYTHON_9.3 "def ID():
  import uuid
  return '{' + str(uuid.uuid4()) + '}'"</Process><Process ToolSource="c:\program files (x86)\arcgis\desktop10.8\ArcToolbox\Toolboxes\Data Management Tools.tbx\CalculateField" Date="20220826" Time="111624">CalculateField PosicionesAeronaves repeID isDuplicate( !id! ) PYTHON_9.3 "uniqueList = []  
def isDuplicate(inValue):  
    if inValue in uniqueList:  
        return 1  
    else:  
        uniqueList.append(inValue)  
        return 0"</Process><Process ToolSource="c:\program files (x86)\arcgis\desktop10.8\ArcToolbox\Toolboxes\Data Management Tools.tbx\CalculateField" Date="20220826" Time="111640">CalculateField PosicionesAeronaves repeID isDuplicate( !id! ) PYTHON_9.3 "uniqueList = []  
def isDuplicate(inValue):  
    if inValue in uniqueList:  
        return 1  
    else:  
        uniqueList.append(inValue)  
        return None"</Process><Process ToolSource="c:\program files (x86)\arcgis\desktop10.8\ArcToolbox\Toolboxes\Data Management Tools.tbx\CalculateField" Date="20220826" Time="111821">CalculateField PosicionesAeronaves RepeNIVEL isDuplicate( !nivel! ) PYTHON_9.3 "uniqueList = []  
def isDuplicate(inValue):  
    if inValue in uniqueList:  
        return 1  
    else:  
        uniqueList.append(inValue)  
        return None"</Process><Process ToolSource="c:\program files (x86)\arcgis\desktop10.8\ArcToolbox\Toolboxes\Data Management Tools.tbx\CalculateField" Date="20220826" Time="111958">CalculateField PosicionesAeronaves RepeTimestr isDuplicate( !timestampStr! ) PYTHON_9.3 "uniqueList = []  
def isDuplicate(inValue):  
    if inValue in uniqueList:  
        return 1  
    else:  
        uniqueList.append(inValue)  
        return None"</Process><Process ToolSource="c:\program files (x86)\arcgis\desktop10.8\ArcToolbox\Toolboxes\Data Management Tools.tbx\CalculateField" Date="20220826" Time="112234">CalculateField PosicionesAeronaves RepeLong isDuplicate( !Long_! ) PYTHON_9.3 "uniqueList = []  
def isDuplicate(inValue):  
    if inValue in uniqueList:  
        return 1  
    else:  
        uniqueList.append(inValue)  
        return None"</Process><Process ToolSource="c:\program files (x86)\arcgis\desktop10.8\ArcToolbox\Toolboxes\Data Management Tools.tbx\CalculateField" Date="20220826" Time="113826">CalculateField PosicionesAeronaves Long_ !longitud! PYTHON_9.3 #</Process><Process ToolSource="c:\program files (x86)\arcgis\desktop10.8\ArcToolbox\Toolboxes\Data Management Tools.tbx\CalculateField" Date="20220826" Time="113842">CalculateField PosicionesAeronaves Lat !latitud! PYTHON_9.3 #</Process><Process ToolSource="c:\program files (x86)\arcgis\desktop10.8\ArcToolbox\Toolboxes\Data Management Tools.tbx\CalculateField" Date="20220826" Time="141801">CalculateField PosicionesAeronaves Intersecta 0 VB #</Process></lineage></DataProperties></Esri></metadata>
